{"stats":{"minecraft:custom":{"minecraft:time_since_rest":4326,"minecraft:open_chest":1,"minecraft:crouch_one_cm":191,"minecraft:play_time":4326,"minecraft:sprint_one_cm":157,"minecraft:walk_one_cm":6789,"minecraft:sneak_time":302,"minecraft:walk_under_water_one_cm":4652,"minecraft:jump":7,"minecraft:leave_game":1,"minecraft:time_since_death":4326,"minecraft:walk_on_water_one_cm":4300,"minecraft:total_world_time":4326,"minecraft:climb_one_cm":1086,"minecraft:swim_one_cm":2370,"minecraft:fly_one_cm":131},"minecraft:used":{"minecraft:lever":7,"bunker_down:brittle_pickaxe":4,"minecraft:ladder":1},"minecraft:mined":{"minecraft:ladder":1,"minecraft:cobblestone":4,"minecraft:lever":7},"minecraft:picked_up":{"minecraft:ladder":1,"minecraft:lever":7,"minecraft:string":1,"minecraft:cobblestone":4}},"DataVersion":3120}