{"stats":{"minecraft:custom":{"minecraft:time_since_rest":7220,"minecraft:open_chest":2,"minecraft:crouch_one_cm":450,"minecraft:sprint_one_cm":306,"minecraft:play_time":7220,"minecraft:walk_one_cm":7776,"minecraft:sneak_time":379,"minecraft:walk_under_water_one_cm":4652,"minecraft:boat_one_cm":46786,"minecraft:jump":10,"minecraft:leave_game":1,"minecraft:walk_on_water_one_cm":4300,"minecraft:time_since_death":7220,"minecraft:climb_one_cm":1086,"minecraft:total_world_time":7220,"minecraft:swim_one_cm":2370,"minecraft:open_barrel":6,"minecraft:fly_one_cm":169},"minecraft:used":{"minecraft:lever":7,"bunker_down:brittle_pickaxe":4,"minecraft:ladder":1,"minecraft:oak_boat":1},"minecraft:mined":{"minecraft:ladder":1,"minecraft:cobblestone":4,"minecraft:lever":7},"minecraft:picked_up":{"minecraft:ladder":1,"minecraft:lever":7,"minecraft:string":1,"minecraft:cobblestone":4}},"DataVersion":3120}